iter	MultiRMSE
0	39.50225823
1	38.23009499
2	37.59858501
